Company	Telefone number	Mobile number	Location	Post code	rating
John Jarvis Builders	01638 751 826	07802 659 283	Bury St. Edmunds	IP28 8TH	4.93
Premier Building	07917 440 002	07917 440 002	Sudbury	CO10 7FA	4.93
We Love Property	01787 960 030	07985 548 237	Sudbury	CO10 1RD	4.95
Pinnacle Construction	01440 709 229	07816 888 070	Haverhill	CB9 0LR	4.82
Ostium Building Solutions Limited	07815 119 725	07762 162 499	Ipswich	IP8 3PG	5.0
JB Gibson & Son Ltd	01255 569 304	07955 113 308	Ipswich	IP1 1TD	4.93
SP-Building Services Ltd	07375519392	07375 519 392	Cambridge	CB5 8NW	4.96
TSN Consultants Ltd	07539 441 133	07539 441 133	Cambridge	CB1 8QW	4.97
J and K Property Service	01376 567 534	07714 737 897	Braintree	CM7 9TE	4.82
Sanders Home Solutions	01206 242 438	07736 927 766	Manningtree	CO11 2DL	4.86
